<?xml version="1.0" encoding="UTF-8"?>
<project xmlns="http://maven.apache.org/POM/4.0.0" xmlns:xsi="http://www.w3.org/2001/XMLSchema-instance" xsi:schemaLocation="http://maven.apache.org/POM/4.0.0 http://maven.apache.org/maven-v4_0_0.xsd">
  <modelVersion>4.0.0</modelVersion>
  <groupId>org.springframework</groupId>
  <artifactId>MavenHelloWorld</artifactId>
  <version>1.0.20-SNAPSHOT</version>
  <build>
    <plugins>
      <plugin>
        <artifactId>maven-shade-plugin</artifactId>
        <version>2.1</version>
        <executions>
          <execution>
            <phase>package</phase>
            <goals>
              <goal>shade</goal>
            </goals>
            <configuration>
              <transformers>
                <transformer>
                  <mainClass>hello.HelloWorld</mainClass>
                </transformer>
              </transformers>
            </configuration>
          </execution>
        </executions>
      </plugin>
    </plugins>
  </build>
  <distributionManagement>
    <repository>
      <id>releasenexus</id>
      <name>release nexus</name>
      <url>http://98.130.58.124:8081/repository/maven-releases/</url>
    </repository>
    <snapshotRepository>
      <id>snapshotnexus</id>
      <name>snapshot nexus</name>
      <url>http://98.130.58.124:8081/repository/maven-snapshots/</url>
    </snapshotRepository>
  </distributionManagement>
  <properties>
    <maven.compiler.target>1.8</maven.compiler.target>
    <java.version>1.8</java.version>
    <maven.compiler.source>1.8</maven.compiler.source>
  </properties>
</project>

